Model,Accuracy
RandomForest,0.6168091168091168
LogisticRegression,0.6101614434947769
